<metadata xml:lang="en"><Esri><CreaDate>20170607</CreaDate><CreaTime>14371400</CreaTime><ArcGISFormat>1.0</ArcGISFormat><ArcGISstyle>North American Profile of ISO19115 2003</ArcGISstyle><SyncOnce>FALSE</SyncOnce><DataProperties><lineage><Process Name="Create Feature Class (3)" ToolSource="c:\program files (x86)\arcgis\desktop10.1\ArcToolbox\Toolboxes\Data Management Tools.tbx\CreateFeatureclass" Date="20170607" Time="143714">CreateFeatureclass \\os.uga.edu\onu-ocha\working\Process_Files\CODServices\Documentation\Templates\COD_XXX\Shapefiles\XXX_AdminBoundaries_ExportToShape.gdb\Data_Layers XXX_admbnda_adm2 POLYGON # DISABLED DISABLED # # 0 0 0</Process><Process Name="Add Field (7)" ToolSource="c:\program files (x86)\arcgis\desktop10.1\ArcToolbox\Toolboxes\Data Management Tools.tbx\AddField" Date="20170607" Time="143716">AddField \\os.uga.edu\onu-ocha\working\Process_Files\CODServices\Documentation\Templates\COD_XXX\Shapefiles\XXX_AdminBoundaries_ExportToShape.gdb\Data_Layers\XXX_admbnda_adm2 ADM2_EN TEXT # # 50 # NULLABLE NON_REQUIRED #</Process><Process Name="Add Field (7)" ToolSource="c:\program files (x86)\arcgis\desktop10.1\ArcToolbox\Toolboxes\Data Management Tools.tbx\AddField" Date="20170607" Time="143717">AddField \\os.uga.edu\onu-ocha\working\Process_Files\CODServices\Documentation\Templates\COD_XXX\Shapefiles\XXX_AdminBoundaries_ExportToShape.gdb\Data_Layers\XXX_admbnda_adm2 ADM2_FR TEXT # # 50 # NULLABLE NON_REQUIRED #</Process><Process Name="Add Field (7)" ToolSource="c:\program files (x86)\arcgis\desktop10.1\ArcToolbox\Toolboxes\Data Management Tools.tbx\AddField" Date="20170607" Time="143718">AddField \\os.uga.edu\onu-ocha\working\Process_Files\CODServices\Documentation\Templates\COD_XXX\Shapefiles\XXX_AdminBoundaries_ExportToShape.gdb\Data_Layers\XXX_admbnda_adm2 ADM2_AR TEXT # # 50 # NULLABLE NON_REQUIRED #</Process><Process Name="Add Field (7)" ToolSource="c:\program files (x86)\arcgis\desktop10.1\ArcToolbox\Toolboxes\Data Management Tools.tbx\AddField" Date="20170607" Time="143719">AddField \\os.uga.edu\onu-ocha\working\Process_Files\CODServices\Documentation\Templates\COD_XXX\Shapefiles\XXX_AdminBoundaries_ExportToShape.gdb\Data_Layers\XXX_admbnda_adm2 ADM2_ES TEXT # # 50 # NULLABLE NON_REQUIRED #</Process><Process Name="Add Field (7)" ToolSource="c:\program files (x86)\arcgis\desktop10.1\ArcToolbox\Toolboxes\Data Management Tools.tbx\AddField" Date="20170607" Time="143721">AddField \\os.uga.edu\onu-ocha\working\Process_Files\CODServices\Documentation\Templates\COD_XXX\Shapefiles\XXX_AdminBoundaries_ExportToShape.gdb\Data_Layers\XXX_admbnda_adm2 ADM2_PCODE TEXT # # 50 # NULLABLE NON_REQUIRED #</Process><Process Name="Add Field (7)" ToolSource="c:\program files (x86)\arcgis\desktop10.1\ArcToolbox\Toolboxes\Data Management Tools.tbx\AddField" Date="20170607" Time="143722">AddField \\os.uga.edu\onu-ocha\working\Process_Files\CODServices\Documentation\Templates\COD_XXX\Shapefiles\XXX_AdminBoundaries_ExportToShape.gdb\Data_Layers\XXX_admbnda_adm2 ADM2_REF TEXT # # 50 # NULLABLE NON_REQUIRED #</Process><Process Name="Add Field (7)" ToolSource="c:\program files (x86)\arcgis\desktop10.1\ArcToolbox\Toolboxes\Data Management Tools.tbx\AddField" Date="20170607" Time="143723">AddField \\os.uga.edu\onu-ocha\working\Process_Files\CODServices\Documentation\Templates\COD_XXX\Shapefiles\XXX_AdminBoundaries_ExportToShape.gdb\Data_Layers\XXX_admbnda_adm2 ADM2ALT1EN TEXT # # 50 # NULLABLE NON_REQUIRED #</Process><Process Name="Add Field (7)" ToolSource="c:\program files (x86)\arcgis\desktop10.1\ArcToolbox\Toolboxes\Data Management Tools.tbx\AddField" Date="20170607" Time="143725">AddField \\os.uga.edu\onu-ocha\working\Process_Files\CODServices\Documentation\Templates\COD_XXX\Shapefiles\XXX_AdminBoundaries_ExportToShape.gdb\Data_Layers\XXX_admbnda_adm2 ADM2ALT2EN TEXT # # 50 # NULLABLE NON_REQUIRED #</Process><Process Name="Add Field (7)" ToolSource="c:\program files (x86)\arcgis\desktop10.1\ArcToolbox\Toolboxes\Data Management Tools.tbx\AddField" Date="20170607" Time="143726">AddField \\os.uga.edu\onu-ocha\working\Process_Files\CODServices\Documentation\Templates\COD_XXX\Shapefiles\XXX_AdminBoundaries_ExportToShape.gdb\Data_Layers\XXX_admbnda_adm2 ADM2ALT1FR TEXT # # 50 # NULLABLE NON_REQUIRED #</Process><Process Name="Add Field (7)" ToolSource="c:\program files (x86)\arcgis\desktop10.1\ArcToolbox\Toolboxes\Data Management Tools.tbx\AddField" Date="20170607" Time="143728">AddField \\os.uga.edu\onu-ocha\working\Process_Files\CODServices\Documentation\Templates\COD_XXX\Shapefiles\XXX_AdminBoundaries_ExportToShape.gdb\Data_Layers\XXX_admbnda_adm2 ADM2ALT2FR TEXT # # 50 # NULLABLE NON_REQUIRED #</Process><Process Name="Add Field (7)" ToolSource="c:\program files (x86)\arcgis\desktop10.1\ArcToolbox\Toolboxes\Data Management Tools.tbx\AddField" Date="20170607" Time="143729">AddField \\os.uga.edu\onu-ocha\working\Process_Files\CODServices\Documentation\Templates\COD_XXX\Shapefiles\XXX_AdminBoundaries_ExportToShape.gdb\Data_Layers\XXX_admbnda_adm2 ADM2ALT1AR TEXT # # 50 # NULLABLE NON_REQUIRED #</Process><Process Name="Add Field (7)" ToolSource="c:\program files (x86)\arcgis\desktop10.1\ArcToolbox\Toolboxes\Data Management Tools.tbx\AddField" Date="20170607" Time="143731">AddField \\os.uga.edu\onu-ocha\working\Process_Files\CODServices\Documentation\Templates\COD_XXX\Shapefiles\XXX_AdminBoundaries_ExportToShape.gdb\Data_Layers\XXX_admbnda_adm2 ADM2ALT2AR TEXT # # 50 # NULLABLE NON_REQUIRED #</Process><Process Name="Add Field (7)" ToolSource="c:\program files (x86)\arcgis\desktop10.1\ArcToolbox\Toolboxes\Data Management Tools.tbx\AddField" Date="20170607" Time="143732">AddField \\os.uga.edu\onu-ocha\working\Process_Files\CODServices\Documentation\Templates\COD_XXX\Shapefiles\XXX_AdminBoundaries_ExportToShape.gdb\Data_Layers\XXX_admbnda_adm2 ADM2ALT1ES TEXT # # 50 # NULLABLE NON_REQUIRED #</Process><Process Name="Add Field (7)" ToolSource="c:\program files (x86)\arcgis\desktop10.1\ArcToolbox\Toolboxes\Data Management Tools.tbx\AddField" Date="20170607" Time="143733">AddField \\os.uga.edu\onu-ocha\working\Process_Files\CODServices\Documentation\Templates\COD_XXX\Shapefiles\XXX_AdminBoundaries_ExportToShape.gdb\Data_Layers\XXX_admbnda_adm2 ADM2ALT2ES TEXT # # 50 # NULLABLE NON_REQUIRED #</Process><Process Name="Add Field (7)" ToolSource="c:\program files (x86)\arcgis\desktop10.1\ArcToolbox\Toolboxes\Data Management Tools.tbx\AddField" Date="20170607" Time="143734">AddField \\os.uga.edu\onu-ocha\working\Process_Files\CODServices\Documentation\Templates\COD_XXX\Shapefiles\XXX_AdminBoundaries_ExportToShape.gdb\Data_Layers\XXX_admbnda_adm2 ADM1_EN TEXT # # 50 # NULLABLE NON_REQUIRED #</Process><Process Name="Add Field (7)" ToolSource="c:\program files (x86)\arcgis\desktop10.1\ArcToolbox\Toolboxes\Data Management Tools.tbx\AddField" Date="20170607" Time="143736">AddField \\os.uga.edu\onu-ocha\working\Process_Files\CODServices\Documentation\Templates\COD_XXX\Shapefiles\XXX_AdminBoundaries_ExportToShape.gdb\Data_Layers\XXX_admbnda_adm2 ADM1_FR TEXT # # 50 # NULLABLE NON_REQUIRED #</Process><Process Name="Add Field (7)" ToolSource="c:\program files (x86)\arcgis\desktop10.1\ArcToolbox\Toolboxes\Data Management Tools.tbx\AddField" Date="20170607" Time="143737">AddField \\os.uga.edu\onu-ocha\working\Process_Files\CODServices\Documentation\Templates\COD_XXX\Shapefiles\XXX_AdminBoundaries_ExportToShape.gdb\Data_Layers\XXX_admbnda_adm2 ADM1_AR TEXT # # 50 # NULLABLE NON_REQUIRED #</Process><Process Name="Add Field (7)" ToolSource="c:\program files (x86)\arcgis\desktop10.1\ArcToolbox\Toolboxes\Data Management Tools.tbx\AddField" Date="20170607" Time="143738">AddField \\os.uga.edu\onu-ocha\working\Process_Files\CODServices\Documentation\Templates\COD_XXX\Shapefiles\XXX_AdminBoundaries_ExportToShape.gdb\Data_Layers\XXX_admbnda_adm2 ADM1_ES TEXT # # 50 # NULLABLE NON_REQUIRED #</Process><Process Name="Add Field (7)" ToolSource="c:\program files (x86)\arcgis\desktop10.1\ArcToolbox\Toolboxes\Data Management Tools.tbx\AddField" Date="20170607" Time="143740">AddField \\os.uga.edu\onu-ocha\working\Process_Files\CODServices\Documentation\Templates\COD_XXX\Shapefiles\XXX_AdminBoundaries_ExportToShape.gdb\Data_Layers\XXX_admbnda_adm2 ADM1_PCODE TEXT # # 50 # NULLABLE NON_REQUIRED #</Process><Process Name="Add Field (7)" ToolSource="c:\program files (x86)\arcgis\desktop10.1\ArcToolbox\Toolboxes\Data Management Tools.tbx\AddField" Date="20170607" Time="143741">AddField \\os.uga.edu\onu-ocha\working\Process_Files\CODServices\Documentation\Templates\COD_XXX\Shapefiles\XXX_AdminBoundaries_ExportToShape.gdb\Data_Layers\XXX_admbnda_adm2 ADM0_EN TEXT # # 50 # NULLABLE NON_REQUIRED #</Process><Process Name="Add Field (7)" ToolSource="c:\program files (x86)\arcgis\desktop10.1\ArcToolbox\Toolboxes\Data Management Tools.tbx\AddField" Date="20170607" Time="143742">AddField \\os.uga.edu\onu-ocha\working\Process_Files\CODServices\Documentation\Templates\COD_XXX\Shapefiles\XXX_AdminBoundaries_ExportToShape.gdb\Data_Layers\XXX_admbnda_adm2 ADM0_FR TEXT # # 50 # NULLABLE NON_REQUIRED #</Process><Process Name="Add Field (7)" ToolSource="c:\program files (x86)\arcgis\desktop10.1\ArcToolbox\Toolboxes\Data Management Tools.tbx\AddField" Date="20170607" Time="143744">AddField \\os.uga.edu\onu-ocha\working\Process_Files\CODServices\Documentation\Templates\COD_XXX\Shapefiles\XXX_AdminBoundaries_ExportToShape.gdb\Data_Layers\XXX_admbnda_adm2 ADM0_AR TEXT # # 50 # NULLABLE NON_REQUIRED #</Process><Process Name="Add Field (7)" ToolSource="c:\program files (x86)\arcgis\desktop10.1\ArcToolbox\Toolboxes\Data Management Tools.tbx\AddField" Date="20170607" Time="143745">AddField \\os.uga.edu\onu-ocha\working\Process_Files\CODServices\Documentation\Templates\COD_XXX\Shapefiles\XXX_AdminBoundaries_ExportToShape.gdb\Data_Layers\XXX_admbnda_adm2 ADM0_ES TEXT # # 50 # NULLABLE NON_REQUIRED #</Process><Process Name="Add Field (7)" ToolSource="c:\program files (x86)\arcgis\desktop10.1\ArcToolbox\Toolboxes\Data Management Tools.tbx\AddField" Date="20170607" Time="143746">AddField \\os.uga.edu\onu-ocha\working\Process_Files\CODServices\Documentation\Templates\COD_XXX\Shapefiles\XXX_AdminBoundaries_ExportToShape.gdb\Data_Layers\XXX_admbnda_adm2 ADM0_PCODE TEXT # # 50 # NULLABLE NON_REQUIRED #</Process><Process Name="Add Field (9)" ToolSource="c:\program files (x86)\arcgis\desktop10.1\ArcToolbox\Toolboxes\Data Management Tools.tbx\AddField" Date="20170607" Time="143748">AddField \\os.uga.edu\onu-ocha\working\Process_Files\CODServices\Documentation\Templates\COD_XXX\Shapefiles\XXX_AdminBoundaries_ExportToShape.gdb\Data_Layers\XXX_admbnda_adm2 date DATE # # # # NULLABLE NON_REQUIRED #</Process><Process Name="Add Field (9)" ToolSource="c:\program files (x86)\arcgis\desktop10.1\ArcToolbox\Toolboxes\Data Management Tools.tbx\AddField" Date="20170607" Time="143749">AddField \\os.uga.edu\onu-ocha\working\Process_Files\CODServices\Documentation\Templates\COD_XXX\Shapefiles\XXX_AdminBoundaries_ExportToShape.gdb\Data_Layers\XXX_admbnda_adm2 validOn DATE # # # # NULLABLE NON_REQUIRED #</Process><Process Name="Add Field (9)" ToolSource="c:\program files (x86)\arcgis\desktop10.1\ArcToolbox\Toolboxes\Data Management Tools.tbx\AddField" Date="20170607" Time="143751">AddField \\os.uga.edu\onu-ocha\working\Process_Files\CODServices\Documentation\Templates\COD_XXX\Shapefiles\XXX_AdminBoundaries_ExportToShape.gdb\Data_Layers\XXX_admbnda_adm2 ValidTo DATE # # # # NULLABLE NON_REQUIRED #</Process></lineage><itemProps><itemName Sync="TRUE">mex_admbnda_adm2_govmex</itemName><imsContentType Sync="TRUE">002</imsContentType><itemSize Sync="TRUE">0.000</itemSize><itemLocation><linkage Sync="TRUE">file://\\OCHAL142778\C$\Users\haythornthwaite\Documents\Geographic data\MEX\MEX FIX 2018 01 25\mex_admbnda_adm2_govmex.shp</linkage><protocol Sync="TRUE">Local Area Network</protocol></itemLocation></itemProps><coordRef><type Sync="TRUE">Geographic</type><geogcsn Sync="TRUE">GCS_WGS_1984</geogcsn><csUnits Sync="TRUE">Angular Unit: Degree (0.017453)</csUnits><peXml Sync="TRUE">&lt;GeographicCoordinateSystem xsi:type='typens:GeographicCoordinateSystem' xmlns:xsi='http://www.w3.org/2001/XMLSchema-instance' xmlns:xs='http://www.w3.org/2001/XMLSchema' xmlns:typens='http://www.esri.com/schemas/ArcGIS/10.5'&gt;&lt;WKT&gt;GEOGCS[&amp;quot;GCS_WGS_1984&amp;quot;,DATUM[&amp;quot;D_WGS_1984&amp;quot;,SPHEROID[&amp;quot;WGS_1984&amp;quot;,6378137.0,298.257223563]],PRIMEM[&amp;quot;Greenwich&amp;quot;,0.0],UNIT[&amp;quot;Degree&amp;quot;,0.0174532925199433],AUTHORITY[&amp;quot;EPSG&amp;quot;,4326]]&lt;/WKT&gt;&lt;XOrigin&gt;-400&lt;/XOrigin&gt;&lt;YOrigin&gt;-400&lt;/YOrigin&gt;&lt;XYScale&gt;11258999068426.238&lt;/XYScale&gt;&lt;ZOrigin&gt;-100000&lt;/ZOrigin&gt;&lt;ZScale&gt;10000&lt;/ZScale&gt;&lt;MOrigin&gt;-100000&lt;/MOrigin&gt;&lt;MScale&gt;10000&lt;/MScale&gt;&lt;XYTolerance&gt;8.983152841195215e-009&lt;/XYTolerance&gt;&lt;ZTolerance&gt;0.001&lt;/ZTolerance&gt;&lt;MTolerance&gt;0.001&lt;/MTolerance&gt;&lt;HighPrecision&gt;true&lt;/HighPrecision&gt;&lt;LeftLongitude&gt;-180&lt;/LeftLongitude&gt;&lt;WKID&gt;4326&lt;/WKID&gt;&lt;LatestWKID&gt;4326&lt;/LatestWKID&gt;&lt;/GeographicCoordinateSystem&gt;</peXml></coordRef></DataProperties><SyncDate>20180202</SyncDate><SyncTime>15435100</SyncTime><ModDate>20180202</ModDate><ModTime>15435100</ModTime></Esri><dataIdInfo><envirDesc Sync="TRUE"> Version 6.2 (Build 9200) ; Esri ArcGIS 10.5.0.6491</envirDesc><dataLang><languageCode value="eng" Sync="TRUE"></languageCode><countryCode value="USA" Sync="TRUE"></countryCode></dataLang><idCitation><resTitle Sync="TRUE">mex_admbnda_adm2_govmex</resTitle><presForm><PresFormCd value="005" Sync="TRUE"></PresFormCd></presForm></idCitation><spatRpType><SpatRepTypCd value="001" Sync="TRUE"></SpatRepTypCd></spatRpType></dataIdInfo><mdLang><languageCode value="eng" Sync="TRUE"></languageCode><countryCode value="USA" Sync="TRUE"></countryCode></mdLang><distInfo><distFormat><formatName Sync="TRUE">Shapefile</formatName></distFormat><distTranOps><transSize Sync="TRUE">0.000</transSize></distTranOps></distInfo><mdHrLv><ScopeCd value="005" Sync="TRUE"></ScopeCd></mdHrLv><mdHrLvName Sync="TRUE">dataset</mdHrLvName><refSysInfo><RefSystem><refSysID><identCode code="4326" Sync="TRUE"></identCode><idCodeSpace Sync="TRUE">EPSG</idCodeSpace><idVersion Sync="TRUE">6.14(3.0.1)</idVersion></refSysID></RefSystem></refSysInfo><spatRepInfo><VectSpatRep><geometObjs Name="mex_admbnda_adm2_govmex"><geoObjTyp><GeoObjTypCd value="002" Sync="TRUE"></GeoObjTypCd></geoObjTyp><geoObjCnt Sync="TRUE">0</geoObjCnt></geometObjs><topLvl><TopoLevCd value="001" Sync="TRUE"></TopoLevCd></topLvl></VectSpatRep></spatRepInfo><spdoinfo><ptvctinf><esriterm Name="mex_admbnda_adm2_govmex"><efeatyp Sync="TRUE">Simple</efeatyp><efeageom code="4" Sync="TRUE"></efeageom><esritopo Sync="TRUE">FALSE</esritopo><efeacnt Sync="TRUE">0</efeacnt><spindex Sync="TRUE">FALSE</spindex><linrefer Sync="TRUE">FALSE</linrefer></esriterm></ptvctinf></spdoinfo><eainfo><detailed Name="mex_admbnda_adm2_govmex"><enttyp><enttypl Sync="TRUE">mex_admbnda_adm2_govmex</enttypl><enttypt Sync="TRUE">Feature Class</enttypt><enttypc Sync="TRUE">0</enttypc></enttyp><attr><attrlabl Sync="TRUE">FID</attrlabl><attalias Sync="TRUE">FID</attalias><attrtype Sync="TRUE">OID</attrtype><attwidth Sync="TRUE">4</attwidth><atprecis Sync="TRUE">0</atprecis><attscale Sync="TRUE">0</attscale><attrdef Sync="TRUE">Internal feature number.</attrdef><attrdefs Sync="TRUE">Esri</attrdefs><attrdomv><udom Sync="TRUE">Sequential unique whole numbers that are automatically generated.</udom></attrdomv></attr><attr><attrlabl Sync="TRUE">Shape</attrlabl><attalias Sync="TRUE">Shape</attalias><attrtype Sync="TRUE">Geometry</attrtype><attwidth Sync="TRUE">0</attwidth><atprecis Sync="TRUE">0</atprecis><attscale Sync="TRUE">0</attscale><attrdef Sync="TRUE">Feature geometry.</attrdef><attrdefs Sync="TRUE">Esri</attrdefs><attrdomv><udom Sync="TRUE">Coordinates defining the features.</udom></attrdomv></attr><attr><attrlabl Sync="TRUE">Shape_Leng</attrlabl><attalias Sync="TRUE">Shape_Leng</attalias><attrtype Sync="TRUE">Double</attrtype><attwidth Sync="TRUE">19</attwidth><atprecis Sync="TRUE">0</atprecis><attscale Sync="TRUE">0</attscale></attr><attr><attrlabl Sync="TRUE">Shape_Area</attrlabl><attalias Sync="TRUE">Shape_Area</attalias><attrtype Sync="TRUE">Double</attrtype><attwidth Sync="TRUE">19</attwidth><atprecis Sync="TRUE">0</atprecis><attscale Sync="TRUE">0</attscale><attrdef Sync="TRUE">Area of feature in internal units squared.</attrdef><attrdefs Sync="TRUE">Esri</attrdefs><attrdomv><udom Sync="TRUE">Positive real numbers that are automatically generated.</udom></attrdomv></attr><attr><attrlabl Sync="TRUE">ADM2_EN</attrlabl><attalias Sync="TRUE">ADM2_EN</attalias><attrtype Sync="TRUE">String</attrtype><attwidth Sync="TRUE">50</attwidth><atprecis Sync="TRUE">0</atprecis><attscale Sync="TRUE">0</attscale></attr><attr><attrlabl Sync="TRUE">ADM2_FR</attrlabl><attalias Sync="TRUE">ADM2_FR</attalias><attrtype Sync="TRUE">String</attrtype><attwidth Sync="TRUE">50</attwidth><atprecis Sync="TRUE">0</atprecis><attscale Sync="TRUE">0</attscale></attr><attr><attrlabl Sync="TRUE">ADM2_AR</attrlabl><attalias Sync="TRUE">ADM2_AR</attalias><attrtype Sync="TRUE">String</attrtype><attwidth Sync="TRUE">50</attwidth><atprecis Sync="TRUE">0</atprecis><attscale Sync="TRUE">0</attscale></attr><attr><attrlabl Sync="TRUE">ADM2_ES</attrlabl><attalias Sync="TRUE">ADM2_ES</attalias><attrtype Sync="TRUE">String</attrtype><attwidth Sync="TRUE">50</attwidth><atprecis Sync="TRUE">0</atprecis><attscale Sync="TRUE">0</attscale></attr><attr><attrlabl Sync="TRUE">ADM2_PCODE</attrlabl><attalias Sync="TRUE">ADM2_PCODE</attalias><attrtype Sync="TRUE">String</attrtype><attwidth Sync="TRUE">50</attwidth><atprecis Sync="TRUE">0</atprecis><attscale Sync="TRUE">0</attscale></attr><attr><attrlabl Sync="TRUE">ADM2_REF</attrlabl><attalias Sync="TRUE">ADM2_REF</attalias><attrtype Sync="TRUE">String</attrtype><attwidth Sync="TRUE">50</attwidth><atprecis Sync="TRUE">0</atprecis><attscale Sync="TRUE">0</attscale></attr><attr><attrlabl Sync="TRUE">ADM2ALT1EN</attrlabl><attalias Sync="TRUE">ADM2ALT1EN</attalias><attrtype Sync="TRUE">String</attrtype><attwidth Sync="TRUE">50</attwidth><atprecis Sync="TRUE">0</atprecis><attscale Sync="TRUE">0</attscale></attr><attr><attrlabl Sync="TRUE">ADM2ALT2EN</attrlabl><attalias Sync="TRUE">ADM2ALT2EN</attalias><attrtype Sync="TRUE">String</attrtype><attwidth Sync="TRUE">50</attwidth><atprecis Sync="TRUE">0</atprecis><attscale Sync="TRUE">0</attscale></attr><attr><attrlabl Sync="TRUE">ADM2ALT1FR</attrlabl><attalias Sync="TRUE">ADM2ALT1FR</attalias><attrtype Sync="TRUE">String</attrtype><attwidth Sync="TRUE">50</attwidth><atprecis Sync="TRUE">0</atprecis><attscale Sync="TRUE">0</attscale></attr><attr><attrlabl Sync="TRUE">ADM2ALT2FR</attrlabl><attalias Sync="TRUE">ADM2ALT2FR</attalias><attrtype Sync="TRUE">String</attrtype><attwidth Sync="TRUE">50</attwidth><atprecis Sync="TRUE">0</atprecis><attscale Sync="TRUE">0</attscale></attr><attr><attrlabl Sync="TRUE">ADM2ALT1AR</attrlabl><attalias Sync="TRUE">ADM2ALT1AR</attalias><attrtype Sync="TRUE">String</attrtype><attwidth Sync="TRUE">50</attwidth><atprecis Sync="TRUE">0</atprecis><attscale Sync="TRUE">0</attscale></attr><attr><attrlabl Sync="TRUE">ADM2ALT2AR</attrlabl><attalias Sync="TRUE">ADM2ALT2AR</attalias><attrtype Sync="TRUE">String</attrtype><attwidth Sync="TRUE">50</attwidth><atprecis Sync="TRUE">0</atprecis><attscale Sync="TRUE">0</attscale></attr><attr><attrlabl Sync="TRUE">ADM2ALT1ES</attrlabl><attalias Sync="TRUE">ADM2ALT1ES</attalias><attrtype Sync="TRUE">String</attrtype><attwidth Sync="TRUE">50</attwidth><atprecis Sync="TRUE">0</atprecis><attscale Sync="TRUE">0</attscale></attr><attr><attrlabl Sync="TRUE">ADM2ALT2ES</attrlabl><attalias Sync="TRUE">ADM2ALT2ES</attalias><attrtype Sync="TRUE">String</attrtype><attwidth Sync="TRUE">50</attwidth><atprecis Sync="TRUE">0</atprecis><attscale Sync="TRUE">0</attscale></attr><attr><attrlabl Sync="TRUE">ADM1_EN</attrlabl><attalias Sync="TRUE">ADM1_EN</attalias><attrtype Sync="TRUE">String</attrtype><attwidth Sync="TRUE">50</attwidth><atprecis Sync="TRUE">0</atprecis><attscale Sync="TRUE">0</attscale></attr><attr><attrlabl Sync="TRUE">ADM1_FR</attrlabl><attalias Sync="TRUE">ADM1_FR</attalias><attrtype Sync="TRUE">String</attrtype><attwidth Sync="TRUE">50</attwidth><atprecis Sync="TRUE">0</atprecis><attscale Sync="TRUE">0</attscale></attr><attr><attrlabl Sync="TRUE">ADM1_AR</attrlabl><attalias Sync="TRUE">ADM1_AR</attalias><attrtype Sync="TRUE">String</attrtype><attwidth Sync="TRUE">50</attwidth><atprecis Sync="TRUE">0</atprecis><attscale Sync="TRUE">0</attscale></attr><attr><attrlabl Sync="TRUE">ADM1_ES</attrlabl><attalias Sync="TRUE">ADM1_ES</attalias><attrtype Sync="TRUE">String</attrtype><attwidth Sync="TRUE">50</attwidth><atprecis Sync="TRUE">0</atprecis><attscale Sync="TRUE">0</attscale></attr><attr><attrlabl Sync="TRUE">ADM1_PCODE</attrlabl><attalias Sync="TRUE">ADM1_PCODE</attalias><attrtype Sync="TRUE">String</attrtype><attwidth Sync="TRUE">50</attwidth><atprecis Sync="TRUE">0</atprecis><attscale Sync="TRUE">0</attscale></attr><attr><attrlabl Sync="TRUE">ADM0_EN</attrlabl><attalias Sync="TRUE">ADM0_EN</attalias><attrtype Sync="TRUE">String</attrtype><attwidth Sync="TRUE">50</attwidth><atprecis Sync="TRUE">0</atprecis><attscale Sync="TRUE">0</attscale></attr><attr><attrlabl Sync="TRUE">ADM0_FR</attrlabl><attalias Sync="TRUE">ADM0_FR</attalias><attrtype Sync="TRUE">String</attrtype><attwidth Sync="TRUE">50</attwidth><atprecis Sync="TRUE">0</atprecis><attscale Sync="TRUE">0</attscale></attr><attr><attrlabl Sync="TRUE">ADM0_AR</attrlabl><attalias Sync="TRUE">ADM0_AR</attalias><attrtype Sync="TRUE">String</attrtype><attwidth Sync="TRUE">50</attwidth><atprecis Sync="TRUE">0</atprecis><attscale Sync="TRUE">0</attscale></attr><attr><attrlabl Sync="TRUE">ADM0_ES</attrlabl><attalias Sync="TRUE">ADM0_ES</attalias><attrtype Sync="TRUE">String</attrtype><attwidth Sync="TRUE">50</attwidth><atprecis Sync="TRUE">0</atprecis><attscale Sync="TRUE">0</attscale></attr><attr><attrlabl Sync="TRUE">ADM0_PCODE</attrlabl><attalias Sync="TRUE">ADM0_PCODE</attalias><attrtype Sync="TRUE">String</attrtype><attwidth Sync="TRUE">50</attwidth><atprecis Sync="TRUE">0</atprecis><attscale Sync="TRUE">0</attscale></attr><attr><attrlabl Sync="TRUE">date</attrlabl><attalias Sync="TRUE">date</attalias><attrtype Sync="TRUE">Date</attrtype><attwidth Sync="TRUE">8</attwidth><atprecis Sync="TRUE">0</atprecis><attscale Sync="TRUE">0</attscale></attr><attr><attrlabl Sync="TRUE">validOn</attrlabl><attalias Sync="TRUE">validOn</attalias><attrtype Sync="TRUE">Date</attrtype><attwidth Sync="TRUE">8</attwidth><atprecis Sync="TRUE">0</atprecis><attscale Sync="TRUE">0</attscale></attr><attr><attrlabl Sync="TRUE">ValidTo</attrlabl><attalias Sync="TRUE">ValidTo</attalias><attrtype Sync="TRUE">Date</attrtype><attwidth Sync="TRUE">8</attwidth><atprecis Sync="TRUE">0</atprecis><attscale Sync="TRUE">0</attscale></attr></detailed></eainfo><mdDateSt Sync="TRUE">20180202</mdDateSt></metadata>
